<?xml version="1.0"?>
<!--<!DOCTYPE metadata SYSTEM "http://www.esri.com/metadata/esriprof80.dtd">-->
<metadata xml:lang="cs"><Esri><CreaDate>20070716</CreaDate><CreaTime>15465600</CreaTime><SyncOnce>FALSE</SyncOnce><DataProperties><lineage><Process Name="Create Feature Class" ToolSource="C:\Program Files\ArcGIS\ArcToolbox\Toolboxes\Data Management Tools.tbx\CreateFeatureclass" Date="20060210" Time="122759">CreateFeatureclass "Database Connections\Connection to prgsde_milan.sde" A07dib_Povodi_IV # rozvodnice_4_Layer SAME_AS_TEMPLATE SAME_AS_TEMPLATE "PROJCS['S-JTSK_Krovak_East_North',GEOGCS['GCS_S_JTSK',DATUM['D_S_JTSK',SPHEROID['Bessel_1841',6377397.155,299.1528128]],PRIMEM['Greenwich',0.0],UNIT['Degree',0.0174532925199433]],PROJECTION['Krovak'],PARAMETER['False_Easting',0.0],PARAMETER['False_Northing',0.0],PARAMETER['Pseudo_Standard_Parallel_1',78.5],PARAMETER['Scale_Factor',0.9999],PARAMETER['Azimuth',30.28813975277778],PARAMETER['Longitude_Of_Center',24.83333333333333],PARAMETER['Latitude_Of_Center',49.5],PARAMETER['X_Scale',-1.0],PARAMETER['Y_Scale',1.0],PARAMETER['XY_Plane_Rotation',90.0],UNIT['Meter',1.0]];-1300000 -1300000 1637,45699521996;0 1;0 1" MZU_VEKTOR 0 0 0 "Database Connections\Connection to prgsde_milan.sde\MILAN.A07dib_Povodi_IV"</Process><Process Name="Append" ToolSource="C:\Program Files\ArcGIS\ArcToolbox\Toolboxes\Data Management Tools.tbx\Append" Date="20060210" Time="122946">Append rozvodnice_4_Layer "Database Connections\Connection to prgsde_milan.sde\MILAN.A07dib_Povodi_IV" TEST "Database Connections\Connection to prgsde_milan.sde\MILAN.A07dib_Povodi_IV"</Process><Process ToolSource="C:\Program Files\ArcGIS\ArcToolbox\Toolboxes\Conversion Tools.tbx\FeatureClassToFeatureClass" Date="20060210" Time="122948">FeatureClassToFeatureClass F:\Data_do_SDE\rozvodnice.mdb\rozvodnice_4 "Database Connections\Connection to prgsde_milan.sde" A07dib_Povodi_IV # "OBJECTID OBJECTID VISIBLE;UTOKH_VUV UTOKH_VUV VISIBLE;HLGP_VUV HLGP_VUV VISIBLE;POZNAMKA POZNAMKA VISIBLE;SHAPE_LENG SHAPE_LENG VISIBLE;ET_ID ET_ID VISIBLE;ET_GAPS ET_GAPS VISIBLE;SHAPE_Length SHAPE_Length VISIBLE;SHAPE_Area SHAPE_Area VISIBLE;Rad_III Rad_III VISIBLE;Rad_II Rad_II VISIBLE;Rad_I Rad_I VISIBLE" SAME_AS_TEMPLATE SAME_AS_TEMPLATE MZU_VEKTOR 0 "Database Connections\Connection to prgsde_milan.sde\MILAN.A07dib_Povodi_IV"</Process><Process ToolSource="C:\Program Files\ArcGIS\ArcToolbox\Toolboxes\Data Management Tools.tbx\CopyFeatures" Date="20060406" Time="131708">CopyFeatures A07_Povodi_IV T:\Backup\Mirror_sde\shp\A07_Povodi_IV.shp # 0 0 0</Process><Process ToolSource="C:\Program Files\ArcGIS\ArcToolbox\Toolboxes\Data Management Tools.tbx\CopyFeatures" Date="20070307" Time="111952">CopyFeatures G:\zaloha\Vektory\shp_dibavod\A07_Povodi_IV.shp "Database Connections\Connection to prgsde_milan.sde\MILAN.A07_Povodi_IV" VEKTOR 0 0 0</Process><Process Name="Merge_2" ToolSource="C:\Program Files\ArcGIS\ArcToolbox\Toolboxes\Data Management Tools.tbx\Merge" Date="20070503" Time="094415">Merge rozvod_doplnek2;rozvodnice;rozvod_doplnek D:\hranicni_toky\pavel_07\rozvodnice_polsko.shp "OBJECTID_1 OBJECTID_1 true false false 10 Double 0 10 ,First,#,rozvod_doplnek2,OBJECTID_1,-1,-1,rozvodnice,OBJECTID_1,-1,-1,rozvod_doplnek,OBJECTID_1,-1,-1;OBJECTID OBJECTID true false false 10 Double 0 10 ,First,#,rozvod_doplnek2,OBJECTID,-1,-1,rozvodnice,OBJECTID,-1,-1,rozvod_doplnek,OBJECTID,-1,-1;UTOKH_VUV UTOKH_VUV true false false 10 Double 0 10 ,First,#,rozvod_doplnek2,UTOKH_VUV,-1,-1,rozvodnice,UTOKH_VUV,-1,-1,rozvod_doplnek,UTOKH_VUV,-1,-1;HLGP_VUV HLGP_VUV true false false 10 Double 0 10 ,First,#,rozvod_doplnek2,HLGP_VUV,-1,-1,rozvodnice,HLGP_VUV,-1,-1,rozvod_doplnek,HLGP_VUV,-1,-1;POZNAMKA POZNAMKA true false false 50 Text 0 0 ,First,#,rozvod_doplnek2,POZNAMKA,-1,-1,rozvodnice,POZNAMKA,-1,-1,rozvod_doplnek,POZNAMKA,-1,-1;SHAPE_LENG SHAPE_LENG true false false 19 Double 8 18 ,First,#,rozvod_doplnek2,SHAPE_LENG,-1,-1,rozvodnice,SHAPE_LENG,-1,-1,rozvod_doplnek,SHAPE_LENG,-1,-1;ET_ID ET_ID true false false 10 Double 0 10 ,First,#,rozvod_doplnek2,ET_ID,-1,-1,rozvodnice,ET_ID,-1,-1,rozvod_doplnek,ET_ID,-1,-1;ET_GAPS ET_GAPS true false false 254 Text 0 0 ,First,#,rozvod_doplnek2,ET_GAPS,-1,-1,rozvodnice,ET_GAPS,-1,-1,rozvod_doplnek,ET_GAPS,-1,-1;RAD_III RAD_III true false false 10 Double 0 10 ,First,#,rozvod_doplnek2,RAD_III,-1,-1,rozvodnice,RAD_III,-1,-1,rozvod_doplnek,RAD_III,-1,-1;RAD_II RAD_II true false false 10 Double 0 10 ,First,#,rozvod_doplnek2,RAD_II,-1,-1,rozvodnice,RAD_II,-1,-1,rozvod_doplnek,RAD_II,-1,-1;RAD_I RAD_I true false false 4 Short 0 4 ,First,#,rozvod_doplnek2,RAD_I,-1,-1,rozvodnice,RAD_I,-1,-1,rozvod_doplnek,RAD_I,-1,-1;SHAPE_AREA SHAPE_AREA true false false 19 Double 0 0 ,First,#,rozvod_doplnek2,SHAPE_AREA,-1,-1,rozvodnice,SHAPE_area,-1,-1,rozvod_doplnek,SHAPE_AREA,-1,-1;SHAPE_LEN SHAPE_LEN true false false 19 Double 0 0 ,First,#,rozvod_doplnek2,SHAPE_LEN,-1,-1,rozvodnice,SHAPE_len,-1,-1,rozvod_doplnek,SHAPE_LEN,-1,-1;Shape_Le_1 Shape_Le_1 true false false 19 Double 0 0 ,First,#,rozvodnice,Shape_Le_1,-1,-1"</Process><Process Name="Merge_1" ToolSource="C:\Program Files\ArcGIS\ArcToolbox\Toolboxes\Data Management Tools.tbx\Merge" Date="20070613" Time="113030">Merge rozvodnice_polsko;rozvodnice_zapad D:\hranicni_toky\_prstenec\kontrola\rozvodnice_pavel.shp "UTOKH_VUV UTOKH_VUV true false false 10 Double 0 10 ,First,#,rozvodnice_polsko,UTOKH_VUV,-1,-1,rozvodnice_zapad,UTOKH_VUV,-1,-1;HLGP_VUV HLGP_VUV true false false 10 Double 0 10 ,First,#,rozvodnice_polsko,HLGP_VUV,-1,-1,rozvodnice_zapad,HLGP_VUV,-1,-1;RAD_III RAD_III true false false 10 Double 0 10 ,First,#,rozvodnice_polsko,RAD_III,-1,-1,rozvodnice_zapad,RAD_III,-1,-1;RAD_II RAD_II true false false 10 Double 0 10 ,First,#,rozvodnice_polsko,RAD_II,-1,-1,rozvodnice_zapad,RAD_II,-1,-1;RAD_I RAD_I true false false 4 Short 0 4 ,First,#,rozvodnice_polsko,RAD_I,-1,-1,rozvodnice_zapad,RAD_I,-1,-1;OBJECTID_1 OBJECTID_1 true false false 10 Double 0 10 ,First,#,rozvodnice_zapad,OBJECTID_1,-1,-1;OBJECTID OBJECTID true false false 10 Double 0 10 ,First,#,rozvodnice_zapad,OBJECTID,-1,-1;POZNAMKA POZNAMKA true false false 50 Text 0 0 ,First,#,rozvodnice_zapad,POZNAMKA,-1,-1;SHAPE_LENG SHAPE_LENG true false false 19 Double 8 18 ,First,#,rozvodnice_zapad,SHAPE_LENG,-1,-1;ET_ID ET_ID true false false 10 Double 0 10 ,First,#,rozvodnice_zapad,ET_ID,-1,-1;ET_GAPS ET_GAPS true false false 254 Text 0 0 ,First,#,rozvodnice_zapad,ET_GAPS,-1,-1;SHAPE_area SHAPE_area true false false 19 Double 0 0 ,First,#,rozvodnice_zapad,SHAPE_area,-1,-1;SHAPE_len SHAPE_len true false false 19 Double 0 0 ,First,#,rozvodnice_zapad,SHAPE_len,-1,-1;Shape_Le_1 Shape_Le_1 true false false 19 Double 0 0 ,First,#,rozvodnice_zapad,Shape_Le_1,-1,-1"</Process><Process ToolSource="C:\Program Files\ArcGIS\ArcToolbox\Toolboxes\Data Management Tools.tbx\CopyFeatures" Date="20070619" Time="171305">CopyFeatures D:\hranicni_toky\_prstenec\kontrola\prstenec.mdb\rozvodnice D:\hranicni_toky\_prstenec\kontrola\topologie_pavel.mdb\topo\rozvodnice # 0 0 0</Process><Process ToolSource="C:\Program Files\ArcGIS\ArcToolbox\Toolboxes\Data Management Tools.tbx\CopyFeatures" Date="20070703" Time="125653">CopyFeatures D:\hranicni_toky\_prstenec\_hotovo\rozvodnice\topologie_pavel.mdb\topo\rozvodnice D:\hranicni_toky\_prstenec\_hotovo\zapad_skript.mdb\rozvodnice # 0 0 0</Process><Process Name="Merge_1" ToolSource="C:\Program Files\ArcGIS\ArcToolbox\Toolboxes\Data Management Tools.tbx\Merge" Date="20070704" Time="171328">Merge rozvodnice;rozvodnice_vychod D:\hranicni_toky\_prstenec\_hotovo\final.mdb\rozvodnice_prstenec "UTOKH_VUV UTOKH_VUV true true false 8 Double 0 0 ,First,#,rozvodnice,UTOKH_VUV,-1,-1,rozvodnice_vychod,UTOKH_VUV,-1,-1;HLGP_VUV HLGP_VUV true true false 8 Double 0 0 ,First,#,rozvodnice,HLGP_VUV,-1,-1,rozvodnice_vychod,HLGP_VUV,-1,-1;RAD_III RAD_III true true false 8 Double 0 0 ,First,#,rozvodnice,RAD_III,-1,-1,rozvodnice_vychod,RAD_III,-1,-1;RAD_II RAD_II true true false 8 Double 0 0 ,First,#,rozvodnice,RAD_II,-1,-1,rozvodnice_vychod,RAD_II,-1,-1;RAD_I RAD_I true true false 2 Short 0 0 ,First,#,rozvodnice,RAD_I,-1,-1,rozvodnice_vychod,RAD_I,-1,-1;Shape_Length Shape_Length false true true 8 Double 0 0 ,First,#,rozvodnice,Shape_Length,-1,-1,rozvodnice_vychod,Shape_Length,-1,-1;Shape_Area Shape_Area false true true 8 Double 0 0 ,First,#,rozvodnice,Shape_Area,-1,-1,rozvodnice_vychod,Shape_Area,-1,-1;UTOK_TOKY UTOK_TOKY true true false 2 Short 0 0 ,First,#,rozvodnice_vychod,UTOK_TOKY,-1,-1;UTOKH2 UTOKH2 true true false 4 Long 0 0 ,First,#,rozvodnice_vychod,UTOKH2,-1,-1"</Process><Process Name="Merge_1" ToolSource="C:\Program Files\ArcGIS\ArcToolbox\Toolboxes\Data Management Tools.tbx\Merge" Date="20070716" Time="123549">Merge rozvodnice_prstenec;milan_cr D:\hranicni_toky\_prstenec\_hotovo\cr_prstenec.mdb\rozvodnice_all "UTOKH_VUV UTOKH_VUV true true false 8 Double 0 0 ,First,#,rozvodnice_prstenec,UTOKH_VUV,-1,-1,milan_cr,UTOKH_VUV,-1,-1;HLGP_VUV HLGP_VUV true true false 8 Double 0 0 ,First,#,rozvodnice_prstenec,HLGP_VUV,-1,-1,milan_cr,HLGP_VUV,-1,-1;RAD_III RAD_III true true false 8 Double 0 0 ,First,#,rozvodnice_prstenec,RAD_III,-1,-1,milan_cr,RAD_III,-1,-1;RAD_II RAD_II true true false 8 Double 0 0 ,First,#,rozvodnice_prstenec,RAD_II,-1,-1,milan_cr,RAD_II,-1,-1;RAD_I RAD_I true true false 2 Short 0 0 ,First,#,rozvodnice_prstenec,RAD_I,-1,-1,milan_cr,RAD_I,-1,-1;UTOK_TOKY UTOK_TOKY true true false 2 Short 0 0 ,First,#,rozvodnice_prstenec,UTOK_TOKY,-1,-1;UTOKH2 UTOKH2 true true false 4 Long 0 0 ,First,#,rozvodnice_prstenec,UTOKH2,-1,-1;Shape_Length Shape_Length false true true 8 Double 0 0 ,First,#,rozvodnice_prstenec,Shape_Length,-1,-1,milan_cr,SHAPE_Length,-1,-1;Shape_Area Shape_Area false true true 8 Double 0 0 ,First,#,rozvodnice_prstenec,Shape_Area,-1,-1,milan_cr,SHAPE_Area,-1,-1;OBJECTID OBJECTID true true false 8 Double 0 0 ,First,#,milan_cr,OBJECTID,-1,-1;POZNAMKA POZNAMKA true true false 50 Text 0 0 ,First,#,milan_cr,POZNAMKA,-1,-1;SHAPE_LENG SHAPE_LENG true true false 8 Double 0 0 ,First,#,milan_cr,SHAPE_LENG,-1,-1;ET_ID ET_ID true true false 8 Double 0 0 ,First,#,milan_cr,ET_ID,-1,-1;ET_GAPS ET_GAPS true true false 254 Text 0 0 ,First,#,milan_cr,ET_GAPS,-1,-1"</Process><Process Name="Dissolve_2" ToolSource="C:\Program Files\ArcGIS\ArcToolbox\Toolboxes\Data Management Tools.tbx\Dissolve" Date="20070903" Time="095305">Dissolve rozvodnice D:\hranicni_toky\_CD\rozvodnice_2rad.shp RAD_II # MULTI_PART</Process><Process Name="FeatureClassToFeatureClass_2" ToolSource="C:\Program Files\ArcGIS\ArcToolbox\Toolboxes\Conversion Tools.tbx\FeatureClassToFeatureClass" Date="20070903" Time="154018">FeatureClassToFeatureClass E:\Dibavod\DIBAVOD\_new_data_SDE\rozvodnice_2rad.shp "Database Connections\Connection to prgsde_MILAN.sde" A09_Povodi_II # "RAD_II RAD_II true false false 19 Double 0 0 ,First,#,E:\Dibavod\DIBAVOD\_new_data_SDE\rozvodnice_2rad.shp,RAD_II,-1,-1" VEKTOR "Database Connections\Connection to prgsde_MILAN.sde\MILAN.A09_Povodi_II"</Process><Process ToolSource="C:\Program Files\ArcGIS\ArcToolbox\Toolboxes\Data Management Tools.tbx\CopyFeatures" Date="20070904" Time="162939">CopyFeatures "Database Connections\Connection to prgsde_MILAN.sde\MILAN.A09_Povodi_II" F:\Pracovny\_zaloha_new\SDE_vektor_04-09-2007\MILAN_A09_Povodi_II.shp # 0 0 0</Process></lineage></DataProperties><SyncDate>20070904</SyncDate><SyncTime>16293700</SyncTime><ModDate>20070904</ModDate><ModTime>16293700</ModTime><MetaID>{47B0BAF2-80E1-429A-84A7-A69B564470FA}</MetaID></Esri><idinfo><native Sync="TRUE">Microsoft Windows 2000 Version 5.2 (Build 3790) Service Pack 1; ESRI ArcCatalog 9.2.0.1324</native><descript><langdata Sync="TRUE">cs</langdata><abstract>REQUIRED: A brief narrative summary of the data set.</abstract><purpose>REQUIRED: A summary of the intentions with which the data set was developed.</purpose></descript><citation><citeinfo><origin>REQUIRED: The name of an organization or individual that developed the data set.</origin><pubdate>REQUIRED: The date when the data set is published or otherwise made available for release.</pubdate><title Sync="TRUE">MILAN_A09_Povodi_II</title><ftname Sync="TRUE">MILAN_A09_Povodi_II</ftname><geoform Sync="TRUE">vector digital data</geoform><onlink Sync="TRUE">\\PRGSDE\Pracovny\_zaloha_new\SDE_vektor_04-09-2007\MILAN_A09_Povodi_II.shp</onlink></citeinfo></citation><timeperd><current>REQUIRED: The basis on which the time period of content information is determined.</current><timeinfo><sngdate><caldate>REQUIRED: The year (and optionally month, or month and day) for which the data set corresponds to the ground.</caldate></sngdate></timeinfo></timeperd><status><progress>REQUIRED: The state of the data set.</progress><update>REQUIRED: The frequency with which changes and additions are made to the data set after the initial data set is completed.</update></status><spdom><bounding><westbc Sync="TRUE">REQUIRED: Western-most coordinate of the limit of coverage expressed in longitude.</westbc><eastbc Sync="TRUE">REQUIRED: Eastern-most coordinate of the limit of coverage expressed in longitude.</eastbc><northbc Sync="TRUE">REQUIRED: Northern-most coordinate of the limit of coverage expressed in latitude.</northbc><southbc Sync="TRUE">REQUIRED: Southern-most coordinate of the limit of coverage expressed in latitude.</southbc></bounding></spdom><keywords><theme><themekt>REQUIRED: Reference to a formally registered thesaurus or a similar authoritative source of theme keywords.</themekt><themekey>REQUIRED: Common-use word or phrase used to describe the subject of the data set.</themekey></theme></keywords><accconst>REQUIRED: Restrictions and legal prerequisites for accessing the data set.</accconst><useconst>REQUIRED: Restrictions and legal prerequisites for using the data set after access is granted.</useconst><natvform Sync="TRUE">Shapefile</natvform></idinfo><dataIdInfo><envirDesc Sync="TRUE">Microsoft Windows 2000 Version 5.2 (Build 3790) Service Pack 1; ESRI ArcCatalog 9.2.0.1324</envirDesc><dataLang><languageCode Sync="TRUE" value="cs"></languageCode></dataLang><idCitation><resTitle Sync="TRUE">MILAN_A09_Povodi_II</resTitle><presForm><PresFormCd Sync="TRUE" value="005"></PresFormCd></presForm></idCitation><spatRpType><SpatRepTypCd Sync="TRUE" value="001"></SpatRepTypCd></spatRpType></dataIdInfo><metainfo><langmeta Sync="TRUE">cs</langmeta><metstdn Sync="TRUE">FGDC Content Standards for Digital Geospatial Metadata</metstdn><metstdv Sync="TRUE">FGDC-STD-001-1998</metstdv><mettc Sync="TRUE">local time</mettc><metc><cntinfo><cntorgp><cntper>REQUIRED: The person responsible for the metadata information.</cntper><cntorg>REQUIRED: The organization responsible for the metadata information.</cntorg></cntorgp><cntaddr><addrtype>REQUIRED: The mailing and/or physical address for the organization or individual.</addrtype><city>REQUIRED: The city of the address.</city><state>REQUIRED: The state or province of the address.</state><postal>REQUIRED: The ZIP or other postal code of the address.</postal></cntaddr><cntvoice>REQUIRED: The telephone number by which individuals can speak to the organization or individual.</cntvoice></cntinfo></metc><metd Sync="TRUE">20070904</metd><metextns><onlink Sync="TRUE">http://www.esri.com/metadata/esriprof80.html</onlink><metprof Sync="TRUE">ESRI Metadata Profile</metprof></metextns></metainfo><mdLang><languageCode Sync="TRUE" value="cs"></languageCode></mdLang><mdStanName Sync="TRUE">ISO 19115 Geographic Information - Metadata</mdStanName><mdStanVer Sync="TRUE">DIS_ESRI1.0</mdStanVer><mdChar><CharSetCd Sync="TRUE" value="004"></CharSetCd></mdChar><mdHrLv><ScopeCd Sync="TRUE" value="005"></ScopeCd></mdHrLv><mdHrLvName Sync="TRUE">dataset</mdHrLvName><distinfo><resdesc Sync="TRUE">Downloadable Data</resdesc><stdorder><digform><digtinfo><transize Sync="TRUE">0,000</transize><dssize Sync="TRUE">0,000</dssize></digtinfo></digform></stdorder></distinfo><distInfo><distributor><distorTran><onLineSrc><orDesc Sync="TRUE">002</orDesc><linkage Sync="TRUE">file://\\PRGSDE\Pracovny\_zaloha_new\SDE_vektor_04-09-2007\MILAN_A09_Povodi_II.shp</linkage><protocol Sync="TRUE">Local Area Network</protocol></onLineSrc><transSize Sync="TRUE">0,000</transSize></distorTran><distorFormat><formatName Sync="TRUE">Shapefile</formatName></distorFormat></distributor></distInfo><spdoinfo><direct Sync="TRUE">Vector</direct><ptvctinf><esriterm Name="MILAN_A09_Povodi_II"><efeatyp Sync="TRUE">Simple</efeatyp><efeageom Sync="TRUE">Polygon</efeageom><esritopo Sync="TRUE">FALSE</esritopo><efeacnt Sync="TRUE">0</efeacnt><spindex Sync="TRUE">FALSE</spindex><linrefer Sync="TRUE">FALSE</linrefer></esriterm><sdtsterm Name="MILAN_A09_Povodi_II"><sdtstype Sync="TRUE">G-polygon</sdtstype><ptvctcnt Sync="TRUE">0</ptvctcnt></sdtsterm></ptvctinf></spdoinfo><spref><horizsys><cordsysn><geogcsn Sync="TRUE">GCS_S_JTSK</geogcsn><projcsn Sync="TRUE">S-JTSK_Krovak_East_North</projcsn></cordsysn><planar><planci><plance Sync="TRUE">coordinate pair</plance><plandu Sync="TRUE">meters</plandu><coordrep><absres Sync="TRUE">0.000000</absres><ordres Sync="TRUE">0.000000</ordres></coordrep></planci><mapproj><mapprojn Sync="TRUE">Krovak</mapprojn><mapprojp><stdparll Sync="TRUE">0.000000</stdparll><longcm Sync="TRUE">24.833333</longcm><latprjo Sync="TRUE">49.500000</latprjo><feast Sync="TRUE">0.000000</feast><fnorth Sync="TRUE">0.000000</fnorth></mapprojp></mapproj></planar><geodetic><horizdn Sync="TRUE">D_S_JTSK</horizdn><ellips Sync="TRUE">Bessel_1841</ellips><semiaxis Sync="TRUE">6377397.155000</semiaxis><denflat Sync="TRUE">299.152813</denflat></geodetic></horizsys><vertdef><altsys><altenc Sync="TRUE">Explicit elevation coordinate included with horizontal coordinates</altenc><altres Sync="TRUE">1.000000</altres></altsys></vertdef></spref><refSysInfo><RefSystem><refSysID><identCode Sync="TRUE">S-JTSK_Krovak_East_North</identCode></refSysID></RefSystem></refSysInfo><spatRepInfo><VectSpatRep><topLvl><TopoLevCd Sync="TRUE" value="001"></TopoLevCd></topLvl><geometObjs Name="MILAN_A09_Povodi_II"><geoObjTyp><GeoObjTypCd Sync="TRUE" value="001"></GeoObjTypCd></geoObjTyp><geoObjCnt Sync="TRUE">0</geoObjCnt></geometObjs></VectSpatRep></spatRepInfo><eainfo><detailed Name="MILAN_A09_Povodi_II"><attr><attrlabl Sync="TRUE">Shape</attrlabl><attalias Sync="TRUE">Shape</attalias><attrtype Sync="TRUE">Geometry</attrtype><attwidth Sync="TRUE">0</attwidth><atprecis Sync="TRUE">0</atprecis><attscale Sync="TRUE">0</attscale><attrdef Sync="TRUE">Feature geometry.</attrdef><attrdefs Sync="TRUE">ESRI</attrdefs><attrdomv><udom Sync="TRUE">Coordinates defining the features.</udom></attrdomv></attr><attr><attrlabl Sync="TRUE">RAD_II</attrlabl><attalias Sync="TRUE">RAD_II</attalias><attrtype Sync="TRUE">Number</attrtype><attwidth Sync="TRUE">19</attwidth><atnumdec Sync="TRUE">8</atnumdec></attr><enttyp><enttypl Sync="TRUE">MILAN_A09_Povodi_II</enttypl><enttypt Sync="TRUE">Feature Class</enttypt><enttypc Sync="TRUE">0</enttypc></enttyp><attr><attrlabl Sync="TRUE">FID</attrlabl><attalias Sync="TRUE">FID</attalias><attrtype Sync="TRUE">Number</attrtype><attwidth Sync="TRUE">19</attwidth><attrdef Sync="TRUE">Internal feature number.</attrdef><attrdefs Sync="TRUE">ESRI</attrdefs><attrdomv><udom Sync="TRUE">Sequential unique whole numbers that are automatically generated.</udom></attrdomv><atnumdec Sync="TRUE">8</atnumdec></attr><attr><attrlabl Sync="TRUE">SHAPE</attrlabl><attalias Sync="TRUE">Shape</attalias><attrtype Sync="TRUE">Float</attrtype><attwidth Sync="TRUE">19</attwidth><attrdef Sync="TRUE">Feature geometry.</attrdef><attrdefs Sync="TRUE">ESRI</attrdefs><attrdomv><udom Sync="TRUE">Coordinates defining the features.</udom></attrdomv><atnumdec Sync="TRUE">11</atnumdec></attr><attr><attrlabl Sync="TRUE">SHAPE_AREA</attrlabl><attalias Sync="TRUE">SHAPE_AREA</attalias><attrtype Sync="TRUE">Float</attrtype><attwidth Sync="TRUE">19</attwidth><attrdef Sync="TRUE">Area of feature in internal units squared.</attrdef><attrdefs Sync="TRUE">ESRI</attrdefs><attrdomv><udom Sync="TRUE">Positive real numbers that are automatically generated.</udom></attrdomv><atnumdec Sync="TRUE">11</atnumdec></attr><attr><attrlabl Sync="TRUE">SHAPE_LEN</attrlabl><attalias Sync="TRUE">SHAPE_LEN</attalias><attrtype Sync="TRUE">Double</attrtype><attwidth Sync="TRUE">19</attwidth><atprecis Sync="TRUE">0</atprecis><attscale Sync="TRUE">0</attscale></attr></detailed></eainfo><mdDateSt Sync="TRUE">20070904</mdDateSt><dataqual><lineage><procstep><procdesc Sync="TRUE">Dataset copied.</procdesc><srcused Sync="TRUE">Server=prgsde.tgm.vuv.cz; Service=5151; Database=orasde; User=gis; Version=SDE.DEFAULT</srcused><date Sync="TRUE">20070503</date><time Sync="TRUE">09272600</time></procstep><procstep><procdesc Sync="TRUE">Dataset copied.</procdesc><srcused Sync="TRUE"></srcused><date Sync="TRUE">20070613</date><time Sync="TRUE">13275000</time></procstep><procstep><procdesc Sync="TRUE">Dataset copied.</procdesc><srcused Sync="TRUE">\\FOJTIK-HP1\D$\hranicni_toky\_prstenec\_hotovo\cr_prstenec.mdb</srcused><date Sync="TRUE">20070716</date><time Sync="TRUE">15465600</time></procstep></lineage></dataqual></metadata>
